<?xml version="1.0" encoding="iso-8859-1" ?>
<newsitem itemid="3950" id="root" date="1996-08-20" xml:lang="en">
<title>UK: Russia exports gasoline to Europe in August-trade.</title>
<headline>Russia exports gasoline to Europe in August-trade.</headline>
<dateline>LONDON 1996-08-20</dateline>
<text>
<p>Russia has begun exporting gasoline to Europe in the past couple of months and volumes reached about 80,000 tonnes in August, European oil traders say.</p>
<p>Changing demand patterns in inland Russia towards higher quality gasoline means demand for the &quot;A76&quot; unleaded grade, referring to the 76 MON, has fallen away.</p>
<p>Export volumes are uneven, dealers say, but in August they ran at about 50,000 tonnes from the Baltic ports and 30,000 tonnes from the Black Sea.</p>
<p>The low octane content of the gasoline means it has to be blended in storage terminals in Amsterdam or Malta before being sold on as reformulated gasoline to the United States. Otherwise it is simply sold as low octane fuel for East or West Africa.</p>
<p>A76 cargoes delivered in Amsterdam trade at a discount of $20 to $25 to the European standard 86 MON regular unleaded grade, using an average of barge and cif cargo prices.</p>
<p>Dealers believe the flow from the Black Sea could dry up in September because the Ukraine usually begins four months of gasoline imports around then and some consumers there can use unblended A76.</p>
<p>-- Tom Ashby, London Newsroom +44 171 542 8145</p>
</text>
<copyright>(c) Reuters Limited 1996</copyright>
<metadata>
<codes class="bip:countries:1.0">
  <code code="RUSS">
    <editdetail attribution="Reuters BIP Coding Group" action="confirmed" date="1996-08-20"/>
  </code>
  <code code="UK">
    <editdetail attribution="Reuters BIP Coding Group" action="confirmed" date="1996-08-20"/>
  </code>
</codes>
<codes class="bip:topics:1.0">
  <code code="M14">
    <editdetail attribution="Reuters BIP Coding Group" action="confirmed" date="1996-08-20"/>
  </code>
  <code code="M143">
    <editdetail attribution="Reuters BIP Coding Group" action="confirmed" date="1996-08-20"/>
  </code>
  <code code="MCAT">
    <editdetail attribution="Reuters BIP Coding Group" action="confirmed" date="1996-08-20"/>
  </code>
</codes>
<dc element="dc.date.created" value="1996-08-20"/>
<dc element="dc.publisher" value="Reuters Holdings Plc"/>
<dc element="dc.date.published" value="1996-08-20"/>
<dc element="dc.source" value="Reuters"/>
<dc element="dc.creator.location" value="LONDON"/>
<dc element="dc.creator.location.country.name" value="UK"/>
<dc element="dc.source" value="Reuters"/>
</metadata>
</newsitem>
