<?xml version="1.0" encoding="iso-8859-1" ?>
<newsitem itemid="3952" id="root" date="1996-08-20" xml:lang="en">
<title>UK: UK bankers sets new standard to reduce credit risk.</title>
<headline>UK bankers sets new standard to reduce credit risk.</headline>
<dateline>LONDON 1996-08-20</dateline>
<text>
<p>The international banking community is poised to sign new agreements in the interbank market which should reduce credit risk and boost liquidity.</p>
<p>The British Bankers' Association (BBA) said on Tuesday it had launched a legal mechanism, called the Deposit Netting Agreement (DNA), for offsetting credit risks where two banks have lent money to one another.</p>
<p>It is designed to protect banks against insolvency in the six trillion dollar interbank market and against the threat of an individual bank collapsing -- as Barings did last year.  </p>
<p>The BBA expects the top 15 banks trading in London to participate in DNA.</p>
<p>Barclays, one of the main drivers behind the new standard, is sending new agreements to its 30 or 40 international counterparties and hoping for a speedy return.</p>
<p>Barclays signed the first of the internationally recognised agreements two weeks ago with National Westminster Bank, with whom it previously had such an agreement for the UK. Counterparties to these agreements will be based in Japan, Switzerland, France, Germany, the UK and the U.S.. More parallel measures are expected from the BBA within a few weeks.</p>
<p>These rules will toughen up security standards in the tradeable certificates of deposit market as the Bank of England seeks to extend the range of currencies these can be traded in.</p>
<p>New monthly lending figures from the BBA showed total lending by the major banks to the UK private sector rose by a seasonally adjusted 2.68 billion stg in July.</p>
<p>This was less than the June increase of 3.34 billion stg and below the six monthly average of 3.3 billion stg. A rise of 539 million stg in consumer credit, compared with a gain of 266 million stg in June, was a key underlying feature.</p>
<p>-- Christopher Adams, London Newsroom, +44 171 542 7721</p>
</text>
<copyright>(c) Reuters Limited 1996</copyright>
<metadata>
<codes class="bip:countries:1.0">
  <code code="UK">
    <editdetail attribution="Reuters BIP Coding Group" action="confirmed" date="1996-08-20"/>
  </code>
</codes>
<codes class="bip:industries:1.0">
  <code code="I81402">
    <editdetail attribution="Reuters BIP Coding Group" action="confirmed" date="1996-08-20"/>
  </code>
  <code code="I83100">
    <editdetail attribution="Reuters BIP Coding Group" action="confirmed" date="1996-08-20"/>
  </code>
</codes>
<codes class="bip:topics:1.0">
  <code code="C13">
    <editdetail attribution="Reuters BIP Coding Group" action="confirmed" date="1996-08-20"/>
  </code>
  <code code="CCAT">
    <editdetail attribution="Reuters BIP Coding Group" action="confirmed" date="1996-08-20"/>
  </code>
  <code code="M13">
    <editdetail attribution="Reuters BIP Coding Group" action="confirmed" date="1996-08-20"/>
  </code>
  <code code="M131">
    <editdetail attribution="Reuters BIP Coding Group" action="confirmed" date="1996-08-20"/>
  </code>
  <code code="MCAT">
    <editdetail attribution="Reuters BIP Coding Group" action="confirmed" date="1996-08-20"/>
  </code>
</codes>
<dc element="dc.date.created" value="1996-08-20"/>
<dc element="dc.publisher" value="Reuters Holdings Plc"/>
<dc element="dc.date.published" value="1996-08-20"/>
<dc element="dc.source" value="Reuters"/>
<dc element="dc.creator.location" value="LONDON"/>
<dc element="dc.creator.location.country.name" value="UK"/>
<dc element="dc.source" value="Reuters"/>
</metadata>
</newsitem>
