<?xml version="1.0" encoding="iso-8859-1" ?>
<newsitem itemid="3954" id="root" date="1996-08-20" xml:lang="en">
<title>UK: Halifax questions need for new UK rate cuts.</title>
<headline>Halifax questions need for new UK rate cuts.</headline>
<dateline>LONDON 1996-08-20</dateline>
<text>
<p>Britain's largest mortgage lender Halifax Building Society said on Tuesday it believed any further cuts in official interest rates would be unlikely to provide any more help to Britain's slowly-reviving housing market.</p>
<p>&quot;(A rate cut) would be more politically inspired than by the needs of the housing market,&quot; society chairman Jon Foulds said at Halifax's interim results briefing.</p>
<p>A general election must be held by May 1997.</p>
<p>Britain's official base rate is currently 5.75 percent and has been cut four times since December 1995.</p>
<p>&quot;We believe that rates are the bottom of the trough,&quot; said Mike Blackburn, chief executive of the society, adding that even if rates were cut again financial markets expect them to start moving higher at the end of 1996.</p>
<p>-- London Newsroom +44 171 542 5113</p>
</text>
<copyright>(c) Reuters Limited 1996</copyright>
<metadata>
<codes class="bip:countries:1.0">
  <code code="UK">
    <editdetail attribution="Reuters BIP Coding Group" action="confirmed" date="1996-08-20"/>
  </code>
</codes>
<codes class="bip:industries:1.0">
  <code code="I81501">
    <editdetail attribution="Reuters BIP Coding Group" action="confirmed" date="1996-08-20"/>
  </code>
  <code code="I8150103">
    <editdetail attribution="Reuters BIP Coding Group" action="confirmed" date="1996-08-20"/>
  </code>
</codes>
<codes class="bip:topics:1.0">
  <code code="C31">
    <editdetail attribution="Reuters BIP Coding Group" action="confirmed" date="1996-08-20"/>
  </code>
  <code code="CCAT">
    <editdetail attribution="Reuters BIP Coding Group" action="confirmed" date="1996-08-20"/>
  </code>
  <code code="E12">
    <editdetail attribution="Reuters BIP Coding Group" action="confirmed" date="1996-08-20"/>
  </code>
  <code code="ECAT">
    <editdetail attribution="Reuters BIP Coding Group" action="confirmed" date="1996-08-20"/>
  </code>
</codes>
<dc element="dc.date.created" value="1996-08-20"/>
<dc element="dc.publisher" value="Reuters Holdings Plc"/>
<dc element="dc.date.published" value="1996-08-20"/>
<dc element="dc.source" value="Reuters"/>
<dc element="dc.creator.location" value="LONDON"/>
<dc element="dc.creator.location.country.name" value="UK"/>
<dc element="dc.source" value="Reuters"/>
</metadata>
</newsitem>
