<?xml version="1.0" encoding="iso-8859-1" ?>
<newsitem itemid="3955" id="root" date="1996-08-20" xml:lang="en">
<title>UK: UK gilt auction announcement -- full details.</title>
<headline>UK gilt auction announcement -- full details.</headline>
<dateline>LONDON 1996-08-20</dateline>
<text>
<p>The following issue was announced</p>
<p>by the Bank of England</p>
<p>ISSUER: H M Treasury</p>
<p>AMOUNT: 2.5 billion stg</p>
<p>COUPON: 7.5 percent</p>
<p>MATURITY: 2006</p>
<p>AUCTION DATE: August 28</p>
<p>NOTES: The new gilts are fully fungible with stock already in issue and will be strippable when an official gilts strips facility is introduced. Provision for non-resident tax exemption but, as announced on August 13, dividends will be paid gross of tax to all holders with effect from June 7 1997.</p>
</text>
<copyright>(c) Reuters Limited 1996</copyright>
<metadata>
<codes class="bip:countries:1.0">
  <code code="UK">
    <editdetail attribution="Reuters BIP Coding Group" action="confirmed" date="1996-08-20"/>
  </code>
</codes>
<codes class="bip:topics:1.0">
  <code code="M12">
    <editdetail attribution="Reuters BIP Coding Group" action="confirmed" date="1996-08-20"/>
  </code>
  <code code="MCAT">
    <editdetail attribution="Reuters BIP Coding Group" action="confirmed" date="1996-08-20"/>
  </code>
</codes>
<dc element="dc.date.created" value="1996-08-20"/>
<dc element="dc.publisher" value="Reuters Holdings Plc"/>
<dc element="dc.date.published" value="1996-08-20"/>
<dc element="dc.source" value="Reuters"/>
<dc element="dc.creator.location" value="LONDON"/>
<dc element="dc.creator.location.country.name" value="UK"/>
<dc element="dc.source" value="Reuters"/>
</metadata>
</newsitem>
