<?xml version="1.0" encoding="iso-8859-1" ?>
<newsitem itemid="3956" id="root" date="1996-08-20" xml:lang="en">
<title>UK: Halifax plans update on its share dealing.</title>
<headline>Halifax plans update on its share dealing.</headline>
<dateline>LONDON 1996-08-20</dateline>
<text>
<p>Halifax Building Society, which plans a 10 billion stg London stock market float next June to become a bank, said on Tuesday it hoped to make an announcement soon about the organisation of dealings in its new shares.</p>
<p>The society's flotation is expected to bring the biggest- ever single boost to share ownership in Britain as the society said around nine million investors are on its share register.</p>
<p>Jon Foulds, chairman of the society, told reporters at its interim results briefing that Halifax expected several hundreds of thousands of shares to change hands on the first day of trading in its shares, likely to be in June 1997.</p>
<p>It was important to create the right structure for an &quot;orderly market&quot; in the shares, Foulds added.</p>
<p>&quot;We will be making an announcement in the not too distant future about share dealing arrangements,&quot; chief executive Mike Blackburn told reporters, when asked for further details of its plans to try to manage the anticipated market rush.</p>
<p>Halifax's owner-members -- its savers and borrowers -- are due to vote on the plans for flotation in February 1997.</p>
<p>-- London Newsroom +44 171 542 5113</p>
</text>
<copyright>(c) Reuters Limited 1996</copyright>
<metadata>
<codes class="bip:countries:1.0">
  <code code="UK">
    <editdetail attribution="Reuters BIP Coding Group" action="confirmed" date="1996-08-20"/>
  </code>
</codes>
<codes class="bip:industries:1.0">
  <code code="I81501">
    <editdetail attribution="Reuters BIP Coding Group" action="confirmed" date="1996-08-20"/>
  </code>
  <code code="I8150103">
    <editdetail attribution="Reuters BIP Coding Group" action="confirmed" date="1996-08-20"/>
  </code>
</codes>
<codes class="bip:topics:1.0">
  <code code="C11">
    <editdetail attribution="Reuters BIP Coding Group" action="confirmed" date="1996-08-20"/>
  </code>
  <code code="C17">
    <editdetail attribution="Reuters BIP Coding Group" action="confirmed" date="1996-08-20"/>
  </code>
  <code code="C171">
    <editdetail attribution="Reuters BIP Coding Group" action="confirmed" date="1996-08-20"/>
  </code>
  <code code="CCAT">
    <editdetail attribution="Reuters BIP Coding Group" action="confirmed" date="1996-08-20"/>
  </code>
</codes>
<dc element="dc.date.created" value="1996-08-20"/>
<dc element="dc.publisher" value="Reuters Holdings Plc"/>
<dc element="dc.date.published" value="1996-08-20"/>
<dc element="dc.source" value="Reuters"/>
<dc element="dc.creator.location" value="LONDON"/>
<dc element="dc.creator.location.country.name" value="UK"/>
<dc element="dc.source" value="Reuters"/>
</metadata>
</newsitem>
