<?xml version="1.0" encoding="iso-8859-1" ?>
<newsitem itemid="3957" id="root" date="1996-08-20" xml:lang="en">
<title>UK: London coal/ore fixtures.</title>
<headline>London coal/ore fixtures.</headline>
<dateline>LONDON 1996-08-20</dateline>
<text>
<p>COAL - TBN 110,000 tonnes coal Baltimore/Moneypoint 16-30/9 $5.70 fio ninety-six hours shinc/25,000 Glencore.</p>
<p>TBN 60,000 tonnes Newcastle/Bukpyung 5-15/9 $7.50 fio 20,000 shex/12,000 shinc Hanjin.</p>
<p>Cathy - 65,000 tonnes coal Maracaibo/Ijmuiden 28/9-5/9 $6.75 20,000 shinc/2.5 days shinc Cargill (recent).</p>
<p>ORE - TBN three cargoes 110,000 tonnes ore Tuburao/Revadanda Nov 1996-March 1997 $5.60 fio 1996 $5.70 1997 scale load/12,000 shinc Vikram Ispat.  </p>
<p>TBN 150,000 tonnes ore Narvik/Revadanda Dec $5.80 fio scale load/12,000 shinc Vikram Ispat.</p>
<p>Marshal Zakharov - 100,000 tonnes Ponta da Madeira/Gijon 25-31/8 $4.25 fio six days shinc ENEMM.</p>
<p>Fixtures reported from New York on Monday.</p>
<p>Aditya Prakash 28,000 long tons scrap 1-10/9 San Francisco/S.Korea $18.50 LCM.</p>
<p>Fixtures reported from London on Monday.</p>
<p>Alkyonis - 55,000 tonnes coal Richards Bay/Rostock Aug/Sept $8.00 fio scale 20,000 shex Cobelfret.  </p>
<p>Rialto - 60,000 tonnes coal Norfolk/Lisbon 9-14/9 $5.25 fio 20,000/8,250 Van Ommeren (recent).</p>
<p>Tristar TBN - 57,000 tonnes coal Tarahan/Taiwan 26/10-4/11 plus 16-25/11 each $4.16 fio 15,000 shinc/20,000 shinc Taipower.</p>
<p>K Line TBN - 57,000 tonnes coal Tanjung Bara/Taiwan 6-15/10 16-25/10 6-15/11 plus 11-20/11 $3.20/$3.35/$3.45/$3.45 fio resp 30,000 shinc/20,000 shinc Taipower.</p>
<p>TBN 60,000 tonnes coal Newport News/Rotterdam 1-14/9 $5.70 fio HMM.</p>
</text>
<copyright>(c) Reuters Limited 1996</copyright>
<metadata>
<codes class="bip:countries:1.0">
  <code code="UK">
    <editdetail attribution="Reuters BIP Coding Group" action="confirmed" date="1996-08-20"/>
  </code>
</codes>
<codes class="bip:topics:1.0">
  <code code="M14">
    <editdetail attribution="Reuters BIP Coding Group" action="confirmed" date="1996-08-20"/>
  </code>
  <code code="MCAT">
    <editdetail attribution="Reuters BIP Coding Group" action="confirmed" date="1996-08-20"/>
  </code>
</codes>
<dc element="dc.date.created" value="1996-08-20"/>
<dc element="dc.publisher" value="Reuters Holdings Plc"/>
<dc element="dc.date.published" value="1996-08-20"/>
<dc element="dc.source" value="Reuters"/>
<dc element="dc.creator.location" value="LONDON"/>
<dc element="dc.creator.location.country.name" value="UK"/>
<dc element="dc.source" value="Reuters"/>
</metadata>
</newsitem>
