<?xml version="1.0" encoding="iso-8859-1" ?>
<newsitem itemid="3959" id="root" date="1996-08-20" xml:lang="en">
<title>UK: ICI ends joint venture discussions in China.</title>
<headline>ICI ends joint venture discussions in China.</headline>
<dateline>LONDON 1996-08-20</dateline>
<text>
<p>Imperial Chemical Industries Plc (ICI) said on Tuesday it had terminated joint venture discussions with the Yu Gang Company of Chongquing, China.</p>
<p>ICI's wholly owned Tioxide Group Limited signed a memorandum of understanding with the Chinese company in December 1995 covering the proposed establishment of a venture to produce titantium dioxide in China.</p>
<p>Tioxide and Yu Gang were, however, unable to reach agreement on the joint venture during their negotiations and mutually agreed not to proceed further, ICI said.</p>
<p>-- London Newsroom +44 171 542 7717</p>
</text>
<copyright>(c) Reuters Limited 1996</copyright>
<metadata>
<codes class="bip:countries:1.0">
  <code code="CHINA">
    <editdetail attribution="Reuters BIP Coding Group" action="confirmed" date="1996-08-20"/>
  </code>
  <code code="UK">
    <editdetail attribution="Reuters BIP Coding Group" action="confirmed" date="1996-08-20"/>
  </code>
</codes>
<codes class="bip:industries:1.0">
  <code code="I25000">
    <editdetail attribution="Reuters BIP Coding Group" action="confirmed" date="1996-08-20"/>
  </code>
</codes>
<codes class="bip:topics:1.0">
  <code code="C11">
    <editdetail attribution="Reuters BIP Coding Group" action="confirmed" date="1996-08-20"/>
  </code>
  <code code="CCAT">
    <editdetail attribution="Reuters BIP Coding Group" action="confirmed" date="1996-08-20"/>
  </code>
</codes>
<dc element="dc.date.created" value="1996-08-20"/>
<dc element="dc.publisher" value="Reuters Holdings Plc"/>
<dc element="dc.date.published" value="1996-08-20"/>
<dc element="dc.source" value="Reuters"/>
<dc element="dc.creator.location" value="LONDON"/>
<dc element="dc.creator.location.country.name" value="UK"/>
<dc element="dc.source" value="Reuters"/>
</metadata>
</newsitem>
